specific_TREM2+_subject_being_matched,specific_TREM2+_subject_being_matched_-_alternative_id,specific_TREM2+_subject_being_matched_-_alternative_id,Plate_location_for_assay_Duplicate_1,Plate_location_for_assay_Duplicate_2,Plate_location_for_assay_Duplicate_2,Last_known_summary_diagnosis_TREM2+,Diagnosis_at_sampling_TREM2+,Year/visit_of_sample_used,TREM2+_variant,is_TREM2-,Gender_of_TREM2+_to_match,MMSE_score_at_baseline_of_TREM2+_to_match,MMSE_score_at_sample_of_TREM2+_to_match,Date_of_TREM2+_sample_used,DOB_of_TREM2+_subject,Age_at_sampling__of_TREM2+_to_match,APOE_genotype,ID,FGF-basic,IL-1b,G-CSF,IL-10,IL-13,IL-6,IL-12,Rantes,Eotaxin,IL-17,MIP-1a,GM-CSF,MIP-1b,MCP-1,IL-15,EGF,IL-5,HGF,VEGF,IFN-y,IFN-a,IL-1RA,TNF-a,IL-2,IL-7,IP-10,IL-2R,MIG,IL-4,IL-8
LND.0072,LNDADC021,,Grid_A3,Plate_1,Grid_A4,AD,AD,visit_2,TREM2-,TREM2-,Female,28,27,18-Jun-06,20-May-37,69,E4E4,LND.0072,5.55,5.61,5.40,5.65,5.50,5.68,6.26,8.75,7.47,5.05,5.66,5.76,6.15,7.19,5.87,6.53,5.95,6.03,5.75,5.96,5.46,5.60,5.77,5.66,5.93,6.58,5.64,5.63,5.76,6.04
EDAR-MAA-129,MAA-129,,Grid_B3,Plate_1,Grid_B4,MCI,MCI,NA,TREM2-,TREM2-,Male,26,26,23-Mar-10,19-Sep-31,79,E3E4,EDAR-MAA-129,4.50,4.62,5.69,5.40,5.24,5.12,6.43,8.89,7.00,4.71,5.09,5.39,5.15,6.43,4.77,4.38,5.08,5.35,4.71,5.22,5.03,5.25,5.04,4.78,4.80,7.14,5.66,5.22,5.02,4.22
PRGA0042,PRGADC042,,Grid_C3,Plate_1,Grid_C4,AD,AD,visit_3,176C>T__P59L_NEW,TREM2+,Female,26,27,14-Jun-08,8-Jan-28,80,E2E4,PRGA0042,5.01,4.63,5.23,6.50,6.31,6.67,5.81,8.47,7.04,5.68,4.97,6.19,5.29,7.14,4.82,4.47,5.59,5.17,5.44,4.90,4.94,5.51,4.96,4.75,4.19,7.95,5.36,5.12,4.81,5.17
LND.0174,LNDMCI042,,Grid_D3,Plate_1,Grid_D4,MCI_to_AD_>_visit_2,AD,visit_2,259G>A__D87N_Hardy,TREM2+,Female,27,23,22-Oct-08,19-Mar-38,70,E3E3,LND.0174,5.45,5.05,5.49,5.33,5.17,5.47,6.13,8.71,6.60,5.08,5.54,5.26,5.53,6.54,5.55,5.48,5.23,5.59,5.38,5.47,5.26,6.05,5.50,5.39,5.16,9.51,5.60,5.78,5.17,4.49
LND.0134,LNDMCI028,,Grid_E3,Plate_1,Grid_E4,MCI,MCI,visit_3,140G>A_R47H_Hardy,TREM2+,Male,27,26,30-Jun-09,21-Jun-36,73,E2E3,LND.0134,5.30,4.98,5.26,6.36,6.50,5.25,6.05,8.58,7.02,5.97,5.37,6.66,5.88,7.27,5.52,5.79,5.44,5.69,5.21,5.50,5.26,5.56,5.59,5.41,5.37,7.28,5.21,5.45,5.42,5.15
OA0650,OA0650,650,Grid_F3,Plate_1,Grid_F4,Control,Control,year_2,140G>A_R47H_Hardy,TREM2+,Male,29,NA,11-Oct-04,3-Oct-23,81,E2E3,OA0650,4.57,4.79,5.05,5.07,5.25,5.03,6.34,8.96,7.39,5.01,4.96,5.57,5.41,6.95,4.61,3.58,4.86,5.13,4.46,5.07,4.94,5.30,4.88,4.75,4.51,7.25,5.02,4.94,4.85,4.62
PRGA0001,PRGADC001,,Grid_G3,Plate_1,Grid_G4,AD,AD,visit_2,259G>A__D87N_Hardy,TREM2+,Female,19,19,6-Dec-06,24-Aug-42,64,E3E3,PRGA0001,6.03,5.66,6.01,7.18,7.41,6.30,6.66,8.87,7.11,6.80,6.02,7.18,6.32,7.69,5.88,5.69,5.85,6.23,6.65,5.62,6.20,6.30,6.26,5.64,5.40,8.27,6.24,6.01,6.00,5.34
DCR00517,DCR00517,,Grid_H3,Plate_1,Grid_H4,Control,Control,visit_1,TREM2-,TREM2-,Female,29,29,28-Feb-12,25-Dec-31,81,TBC,DCR00517,5.40,5.44,5.27,5.20,5.47,5.52,6.01,8.69,7.85,5.15,5.17,5.58,5.90,6.91,5.15,7.03,5.42,5.65,5.65,5.46,5.24,7.15,5.48,5.29,5.53,6.62,5.38,5.03,5.27,6.20
G08739,G08739,,Grid_A5,Plate_1,Grid_A6,Control,Control,NA,140G>A_R47H_Hardy,TREM2+,Female,NA,NA,NA,NA,67,NA,G08739,4.75,4.95,5.22,5.55,5.48,5.29,6.17,8.86,7.72,5.16,5.15,5.53,5.51,7.19,5.18,4.52,5.44,5.70,5.15,5.45,5.29,5.98,5.40,5.14,4.91,7.16,4.99,5.51,5.39,4.75
PRGA0041,PRGADC041,,Grid_B5,Plate_1,Grid_B6,AD,AD,visit_2,176C>T__P59L_NEW,TREM2+,Female,22,23,3-Oct-07,14-Jul-29,78,E2E4,PRGA0041,5.61,5.69,5.04,5.21,5.00,6.11,6.07,8.42,7.34,4.62,5.02,5.06,5.49,7.10,5.17,5.10,4.86,5.50,4.55,4.99,4.94,5.11,4.90,5.53,4.49,7.81,5.04,4.96,4.87,4.11
OA1117,OA1117,1117,Grid_C5,Plate_1,Grid_C6,MCI,MCI,year_1,140G>A_R47H_Hardy,TREM2+,Female,25,25,7-Oct-03,23-Feb-30,73,E3E3,OA1117,4.49,4.54,5.21,5.09,5.11,5.28,6.29,9.00,7.31,4.58,4.99,5.14,5.08,6.92,4.81,5.36,5.23,5.34,4.53,5.26,5.12,5.49,5.03,4.92,4.90,7.43,5.40,5.20,5.12,4.43
DCR00820,DCR00820,,Grid_D5,Plate_1,Grid_D6,Control,Control,visit_1,TREM2-,TREM2-,Male,28,28,20-Mar-13,24-Dec-36,77,TBC,DCR00820,7.18,6.71,5.79,6.30,6.58,6.72,6.46,8.68,7.07,5.87,6.01,6.28,6.33,7.17,6.15,6.33,5.78,6.13,7.20,5.88,6.09,6.03,6.34,6.29,5.79,7.79,6.14,5.92,5.89,5.06
LND.0042,LNDADC014,,Grid_E5,Plate_1,Grid_E6,AD,AD,visit_2,TREM2-,TREM2-,Male,22,20,25-Mar-07,21-May-28,79,E3E4,LND.0042,4.86,4.89,4.98,5.38,5.11,5.05,6.31,8.69,7.31,4.99,5.03,5.29,5.28,7.03,4.84,4.61,5.03,5.45,4.49,5.05,5.06,5.20,5.00,4.87,4.56,7.97,5.85,5.05,5.00,0.22
LND.0028,LNDADC008,,Grid_F5,Plate_1,Grid_F6,AD,AD,visit_3,TREM2-,TREM2-,Male,24,23,14-Jun-07,21-Nov-34,73,E3E4,LND.0028,5.41,6.24,5.42,6.76,6.07,6.29,6.41,8.75,7.67,5.49,5.97,7.08,6.65,7.11,5.98,6.64,5.92,6.68,5.99,6.19,6.37,7.46,6.21,6.02,6.10,8.00,5.84,5.80,6.72,6.04
KPOA0012,KPOADC012,,Grid_G5,Plate_1,Grid_G6,AD,AD,visit_4,TREM2-,TREM2-,Female,25,20,21-Sep-07,20-Apr-40,67,E3E4,KPOA0012,7.17,5.99,6.24,7.06,6.80,7.24,6.87,8.57,6.87,6.53,6.49,6.87,6.79,7.35,6.56,6.84,6.24,6.65,6.99,5.90,6.52,7.37,7.08,6.40,6.69,7.99,6.69,6.12,6.41,5.40
OA0923,OA0923,923,Grid_H5,Plate_1,Grid_H6,AD,AD,year_1,2603_T>G_L868R,TREM2+,Male,NA,NA,7-Apr-03,31-Oct-32,71,NA,OA0923,6.02,5.52,6.36,7.04,6.73,6.54,7.30,9.07,8.09,6.86,5.84,7.40,7.05,7.89,6.07,6.58,6.67,6.85,6.10,5.91,6.31,6.21,7.24,5.78,6.13,8.21,6.65,7.40,6.22,6.27
DCR00531,DCR00531,,Grid_A7,Plate_1,Grid_A8,MCI,MCI,visit_1,TREM2-,TREM2-,Male,25,25,17-May-12,23-Dec-31,81,TBC,DCR00531,5.24,5.03,5.27,7.05,6.54,5.57,5.56,8.52,8.21,6.42,5.21,7.42,6.21,7.34,5.59,6.20,4.93,5.84,5.38,5.28,5.19,6.92,5.69,5.11,5.10,7.46,5.36,5.03,5.43,5.82
OA0812,OA0812,812,Grid_B7,Plate_1,Grid_B8,AD,AD,year_2,287C>A__T96K_Hardy,TREM2+,Female,21,NA,9-Mar-04,1-Jan-21,83,E4E4,OA0812,5.47,5.48,5.62,5.79,6.09,5.52,6.25,8.94,7.33,5.47,5.38,6.09,5.55,6.99,5.44,5.13,5.39,5.57,5.43,5.33,5.30,5.44,5.41,5.39,5.08,8.24,5.64,5.89,5.18,5.19
LND.0061,LNDADC027,,Grid_C7,Plate_1,Grid_C8,AD,AD,visit_2,TREM2-,TREM2-,Female,15,20,7-Jun-07,5-Feb-29,78,E3E4,LND.0061,5.99,5.50,5.89,6.33,6.46,5.90,6.02,8.84,6.84,5.80,5.63,6.77,6.18,7.05,5.73,5.80,5.84,6.00,5.99,5.28,5.46,5.89,6.12,5.49,5.17,7.87,5.31,5.56,5.26,4.48
DCR00065,DCR00065,,Grid_D7,Plate_1,Grid_D8,AD,AD,visit_1,TREM2-,TREM2-,Male,19,19,8-Dec-08,18-Jul-33,75,TBC,DCR00065,5.21,5.39,5.61,6.08,5.95,5.77,6.39,8.65,7.35,5.66,5.72,6.25,6.02,7.26,5.47,5.99,5.91,6.19,5.54,6.07,5.76,5.92,5.77,5.43,5.90,7.00,6.01,5.78,5.87,6.03
LND.0070,LNDCTL030,,Grid_E7,Plate_1,Grid_E8,Control,Control,visit_3,259G>A__D87N_Hardy,TREM2+,Male,29,28,24-Mar-09,21-Apr-30,79,E2E2,LND.0070,4.96,5.11,5.42,5.60,5.81,6.09,6.54,8.87,7.40,5.42,5.80,6.07,5.63,7.41,5.42,6.03,5.85,6.27,5.69,6.06,5.63,5.62,5.90,5.44,5.53,7.17,5.78,5.83,5.83,5.94
DCR00212,DCR00212,,Grid_F7,Plate_1,Grid_F8,Control,Control,visit_2,TREM2-,TREM2-,Male,30,30,2-Sep-10,12-May-34,76,TBC,DCR00212,5.04,6.58,5.51,5.64,5.61,5.44,6.35,8.50,7.30,5.78,5.54,5.87,6.80,7.62,5.49,7.01,5.44,6.57,5.75,5.90,5.93,5.93,6.56,5.50,5.67,7.36,6.34,5.93,6.12,5.90
LND.0119,LNDMCI024,,Grid_G7,Plate_1,Grid_G8,MCI,MCI,visit_2,TREM2-,TREM2-,Female,27,27,29-May-08,27-Oct-26,82,E2E3,LND.0119,4.85,4.76,5.00,5.10,5.05,5.15,6.05,8.76,6.98,4.81,5.10,5.10,5.21,7.16,4.89,5.08,5.09,5.36,4.80,5.20,5.11,5.36,5.14,4.97,4.79,7.66,5.15,5.24,5.12,4.31
KPOA0032,KPOADC032,,Grid_H7,Plate_1,Grid_H8,AD,AD,visit_2,TREM2-,TREM2-,Female,21,21,14-Sep-07,21-Jun-30,77,E3E4,KPOA0032,4.81,4.69,5.56,7.53,7.83,5.41,6.08,8.52,6.97,7.10,5.25,7.69,5.94,8.03,5.18,4.68,5.03,5.72,5.50,5.09,5.82,5.47,5.52,4.94,4.68,7.65,5.85,5.41,5.04,4.81
EDAR-AMS-027,AMS-027,,Grid_A9,Plate_1,Grid_A10,MCI,MCI,NA,TREM2-,TREM2-,Female,28,28,10-Jul-09,25-Mar-44,65,E3E4,EDAR-AMS-027,8.03,7.85,6.04,6.69,5.74,6.99,5.96,8.73,6.67,5.20,6.44,6.27,6.56,6.66,6.49,6.80,5.59,5.52,6.59,5.28,5.25,5.51,5.29,6.77,5.18,7.57,5.67,5.27,5.12,4.16
DCR00994,DCR00994,,Grid_B9,Plate_1,Grid_B10,MCI,MCI,visit_1,TREM2-,TREM2-,Male,22,22,2-Sep-13,16-Dec-33,80,TBC,DCR00994,5.25,4.72,5.70,5.90,5.60,5.25,5.93,8.76,6.95,5.58,5.32,6.03,5.68,6.62,5.37,5.58,5.27,5.98,4.80,5.37,5.09,5.95,5.91,5.23,4.83,7.99,5.95,5.67,5.33,4.00
LND.0096,LNDADC026,,Grid_C9,Plate_1,Grid_C10,AD,AD,visit_1,314C>T__A105V_NEW_AND_185G>A__R62H_Hardy_BENIGN,TREM2+,Female,25,25,6-Aug-07,4-Jul-29,78,E3E4,LND.0096,4.73,4.89,5.35,5.59,5.54,5.42,6.17,8.90,6.83,5.22,5.28,5.94,5.64,6.70,5.02,5.16,5.46,5.83,5.15,5.47,5.17,6.00,5.25,5.02,5.26,7.40,5.84,5.41,5.21,4.82
N1416,N1416,,Grid_D9,Plate_1,Grid_D10,AD,AD,NA,140G>A_R47H_Hardy,TREM2+,Female,NA,7,NA,NA,61,E3E3,N1416,4.82,4.81,4.78,5.58,5.37,5.13,5.69,8.70,6.34,4.78,4.93,5.33,4.97,6.17,4.60,4.39,4.88,5.14,4.84,5.06,4.98,5.23,4.95,4.82,4.40,7.14,5.06,4.92,4.89,4.42
LND.0093,LND.0093,,Grid_E9,Plate_1,Grid_E10,MCI_to_AD,AD,visit_3,TREM2-,TREM2-,Female,28,26,28-May-09,15-Jan-19,90,E3E4,LND.0093,6.02,6.49,5.70,5.13,5.46,6.30,7.09,8.79,6.79,5.78,7.14,5.48,6.44,6.98,6.07,6.36,5.60,6.70,5.23,5.72,6.26,6.50,6.43,6.13,5.44,7.46,6.75,6.19,6.43,5.42
OA0207,OA0207,207,Grid_F9,Plate_1,Grid_F10,Control,Control,year_1,TREM2-,TREM2-,Female,30,30,4-Dec-01,12-Jul-34,67,E2E3,OA0207,4.78,4.74,5.27,5.20,5.69,5.02,5.90,8.94,7.30,4.82,5.12,5.51,5.31,7.35,4.81,6.11,5.48,5.35,4.24,5.41,5.14,5.41,5.24,5.05,5.24,7.02,5.28,5.28,5.25,5.44
OA0352,OA0352,352,Grid_G9,Plate_1,Grid_G10,Control,Control,year_1,63-64_CA>TG_T21T_T22A_NEW,TREM2+,Female,29,29,3-May-02,14-Oct-20,82,E3E4,OA0352,6.02,5.98,6.40,7.20,7.14,5.87,6.78,8.92,7.01,6.96,6.25,7.29,6.35,7.89,6.02,6.65,5.85,6.51,6.04,5.97,5.97,6.28,6.69,5.88,5.53,7.74,6.37,5.67,6.58,5.85
DCR00481,DCR00481,,Grid_H9,Plate_1,Grid_H10,Control,Control,visit_1,TREM2-,TREM2-,Female,30,30,10-May-12,1-Apr-45,67,TBC,DCR00481,6.29,6.13,6.46,7.74,7.25,6.68,6.34,8.89,7.29,6.83,6.12,7.70,7.24,7.42,6.69,6.57,7.28,7.04,6.36,5.60,6.15,7.57,7.31,6.42,6.78,7.38,6.32,7.25,6.36,5.72
LND.0050,LNDADC017,,Grid_A11,Plate_1,Grid_A12,AD,AD,visit_2,140G>A_R47H_Hardy,TREM2+,Female,26,24,17-May-07,27-Sep-27,80,E2E3,LND.0050,7.99,7.74,6.12,7.36,8.03,7.64,7.22,8.97,7.43,6.97,6.41,7.66,7.41,7.94,7.11,7.31,6.40,6.46,7.54,5.84,6.12,6.30,6.22,7.43,6.38,8.26,6.26,5.64,5.85,5.48
LND.0046,LNDMCI007,,Grid_B11,Plate_1,Grid_B12,MCI_to_PD_to_AD,MCI,visit_3,TREM2-,TREM2-,Male,28,27,16-Feb-09,29-Jan-34,75,E2E3,LND.0046,5.24,5.25,5.62,5.68,5.54,5.50,6.09,8.73,7.28,5.24,5.58,5.82,5.84,7.18,5.53,5.67,5.70,6.00,5.58,5.86,5.59,5.85,5.46,5.59,5.50,7.89,5.64,5.73,5.53,5.39
OA0728,OA0728,728,Grid_C11,Plate_1,Grid_C12,NA,NA,year_1,140G>A_R47H_Hardy,TREM2+,NA,NA,NA,13-Jan-03,NA,NA,NA,OA0728,7.22,6.75,5.67,7.38,7.33,7.21,6.62,8.62,6.86,7.01,6.38,7.03,7.29,7.57,6.60,7.29,6.27,6.77,7.16,5.81,6.30,7.56,6.89,7.19,6.66,7.82,6.83,6.11,6.19,5.42
OA0050,OA0050,50,Grid_D11,Plate_1,Grid_D12,mixed/DLB,mixed/DLB,year_2,TREM2-,TREM2-,Male,16,20,17-Jul-02,13-Oct-11,91,E3E4,OA0050,4.49,4.52,5.37,5.13,4.93,5.19,6.54,8.94,7.22,4.59,5.04,5.03,5.09,6.73,4.75,5.12,4.88,5.17,4.24,5.23,4.97,5.75,4.92,4.82,4.75,7.00,5.82,5.27,4.99,5.27
KPOA0031,KPOADC031,,Grid_E11,Plate_1,Grid_E12,AD,AD,visit_2,TREM2-,TREM2-,Male,26,26,10-Sep-07,12-Oct-24,83,E3E3,KPOA0031,8.16,7.96,6.71,8.14,8.29,7.21,7.16,8.99,7.08,7.73,6.95,8.19,7.65,8.41,7.40,7.61,6.39,7.25,7.51,6.21,6.58,6.88,7.24,7.46,6.35,8.60,6.83,6.41,7.21,6.19
DCR00368,DCR00368,,Grid_A3,Plate_2,Grid_A4,AD,AD,visit_2,140G>A_R47H_Hardy,TREM2+,Male,29,NA,8-Aug-11,5-Aug-33,78,TBC,DCR00368,5.72,4.89,5.23,5.94,5.93,5.34,5.69,8.66,6.59,5.51,5.24,6.07,5.60,6.95,5.37,5.39,5.23,5.26,5.33,5.38,5.13,5.33,5.26,5.21,5.26,6.93,5.45,5.16,5.22,5.07
OA1176,OA1176,1176,Grid_B3,Plate_2,Grid_B4,Control,Control,year_1,TREM2-,TREM2-,Male,29,29,18-Nov-03,10-Mar-23,80,E3E3,OA1176,5.84,5.66,5.77,5.75,5.20,5.67,6.48,8.85,6.97,5.16,5.94,5.76,5.87,6.87,5.72,5.95,5.48,5.88,5.60,5.97,5.42,5.79,6.29,5.82,5.36,7.50,5.60,5.51,5.76,6.20
PRGA0018,PRGADC018,,Grid_C3,Plate_2,Grid_C4,AD,AD,visit_2,TREM2-,TREM2-,Female,18,16,22-Mar-07,8-Nov-36,71,E4E4,PRGA0018,4.48,4.52,4.89,4.84,4.81,4.89,5.48,8.88,6.55,4.63,4.92,4.83,4.99,6.17,4.68,4.45,4.86,5.01,4.54,4.99,4.88,5.13,4.86,4.74,4.62,6.70,5.49,4.95,4.86,3.10
DCR00020,DCR00020,,Grid_D3,Plate_2,Grid_D4,AD,AD,visit_1,TREM2-,TREM2-,Female,7,7,23-Jun-08,26-Jul-47,61,TBC,DCR00020,4.71,4.75,4.92,5.18,5.00,4.98,6.03,8.39,6.93,4.69,5.11,5.15,5.19,6.46,4.87,4.71,5.18,5.45,4.73,5.16,5.36,5.56,5.08,4.93,4.96,6.86,4.77,5.31,5.06,4.35
LND.0001,LNDADC001,,Grid_E3,Plate_2,Grid_E4,AD,AD,visit_1,140G>A_R47H_Hardy,TREM2+,Male,10,10,21-Aug-06,25-Jul-18,88,E3E4,LND.0001,4.45,4.55,5.33,4.84,4.79,4.78,5.21,8.01,6.25,4.65,4.89,4.80,4.88,6.14,4.71,4.42,4.83,4.98,4.26,4.93,4.83,4.87,4.82,4.70,4.68,7.50,5.56,5.39,4.81,3.03
DCR00613,DCR00613,,Grid_F3,Plate_2,Grid_F4,AD,AD,visit_1,TREM2-,TREM2-,Male,22,22,27-Jun-12,28-Mar-35,77,TBC,DCR00613,5.24,5.50,5.23,8.99,5.97,5.36,5.66,8.74,6.59,5.41,5.16,8.84,5.43,6.64,5.20,5.15,5.08,5.26,5.75,5.23,5.11,5.13,5.16,5.18,4.98,7.33,5.38,5.17,4.99,4.04
N1146,N1146,,Grid_G3,Plate_2,Grid_G4,AD,AD,NA,140G>A_R47H_Hardy,TREM2+,Male,NA,9,NA,NA,58,E3E4,N1146,4.51,4.59,4.95,6.15,6.25,4.81,5.37,8.90,6.95,5.49,4.92,5.63,5.16,6.79,4.69,4.35,4.81,5.07,4.82,5.01,4.91,4.99,4.85,4.72,4.63,7.13,5.09,4.93,4.84,3.92
LND.0065,LNDADC019,,Grid_H3,Plate_2,Grid_H4,AD,AD,visit_1,TREM2-,TREM2-,Female,25,25,19-Mar-07,6-Dec-26,81,E3E4,LND.0065,8.67,7.91,8.59,8.57,8.52,8.49,8.74,9.23,8.47,8.74,8.53,8.83,8.56,8.61,8.60,8.42,8.56,8.64,8.31,7.99,8.69,8.90,8.96,8.07,8.14,8.73,8.87,8.71,8.80,7.97
OA0742,OA0742,742,Grid_A5,Plate_2,Grid_A6,mixed/DLB,mixed/DLB,year_3,TREM2-,TREM2-,Male,22,12,21-Feb-05,22-Jul-32,73,E3E3,OA0742,5.28,5.09,5.06,5.39,4.99,5.38,5.66,8.86,6.82,4.93,5.13,5.10,5.20,6.57,4.97,5.17,5.05,5.31,5.53,5.28,5.06,5.21,5.20,5.10,5.09,7.19,5.41,5.05,5.06,4.19
OA0954,OA0954,954,Grid_B5,Plate_2,Grid_B6,MCI,MCI,year_2,TREM2-,TREM2-,Female,25,26,13-Jul-04,17-May-29,75,NA,OA0954,4.50,4.54,5.26,4.86,4.82,4.86,5.48,8.93,7.06,4.70,4.93,4.82,4.96,6.99,4.78,4.49,4.84,5.12,4.55,5.11,4.93,5.54,4.85,4.74,4.53,8.13,5.57,5.05,4.81,3.86
LND.0013,LNDCTL009,,Grid_C5,Plate_2,Grid_C6,Control,Control,visit_2,TREM2-,TREM2-,Male,28,28,28-Nov-07,2-Mar-28,79,E2E4,LND.0013,5.27,5.23,5.12,5.77,5.49,5.51,5.83,8.89,6.72,5.30,5.14,5.72,5.84,6.74,5.50,5.42,5.26,5.69,5.15,5.18,5.17,5.82,5.69,5.32,4.92,8.46,5.98,5.49,5.25,4.07
G10824,G10824,,Grid_D5,Plate_2,Grid_D6,AD,AD,NA,140G>A_R47H_Hardy,TREM2+,Male,NA,4,NA,NA,73,E3E3,G10824,4.90,5.59,5.04,6.41,5.14,5.13,5.88,8.90,6.89,4.78,5.13,5.08,5.27,6.27,4.97,4.79,5.10,5.50,4.95,5.42,5.01,5.62,5.03,4.95,5.15,7.05,5.86,5.30,5.11,5.35
G08717,G08717,,Grid_E5,Plate_2,Grid_E6,PD,PD,NA,140G>A_R47H_Hardy,TREM2+,Male,NA,NA,,NA,73,NA,G08717,5.32,5.77,4.89,5.25,5.14,5.46,5.88,8.96,7.02,4.93,5.57,5.19,5.78,6.77,5.55,5.69,5.12,5.68,5.08,5.29,5.05,5.68,5.15,5.72,4.84,7.34,5.60,5.01,5.26,4.73
OA0119,OA0119,119,Grid_F5,Plate_2,Grid_F6,AD,AD,year_3,TREM2-,TREM2-,Female,21,12,26-Sep-03,17-Oct-26,77,E3E4,OA0119,7.20,6.76,5.44,5.37,5.20,6.62,6.31,9.16,7.66,5.78,5.57,5.07,6.40,7.00,5.82,6.22,5.40,5.50,7.35,5.38,6.19,5.34,5.75,5.74,5.36,7.56,5.80,5.17,5.11,4.49
LND.0146,LNDMCI035,,Grid_G5,Plate_2,Grid_G6,MCI,MCI,visit_2,TREM2-,TREM2-,Male,25,26,22-Jul-08,12-Nov-33,75,E3E4,LND.0146,5.10,4.84,5.12,5.29,5.14,5.35,5.82,8.65,7.12,4.80,5.05,5.21,5.32,6.86,4.98,5.27,5.16,5.04,5.15,5.19,5.08,5.53,5.16,5.01,4.85,7.17,5.22,5.08,5.09,4.53
DCR00031,DCR00031,,Grid_H5,Plate_2,Grid_H6,AD,AD,visit_1,TREM2-,TREM2-,Male,27,27,3-Sep-08,6-Aug-30,78,TBC,DCR00031,4.86,4.77,5.50,5.17,5.13,5.25,6.14,8.74,7.31,5.31,5.13,5.56,5.44,6.99,5.04,5.10,5.25,5.63,4.94,5.21,5.16,5.43,5.30,5.05,4.93,7.92,5.35,5.47,5.13,4.36
G10143,G10143,,Grid_A7,Plate_2,Grid_A8,AD,AD,NA,140G>A_R47H_Hardy,TREM2+,Male,NA,23,NA,NA,79,E3E3,G10143,5.91,6.38,5.20,7.43,5.11,5.91,7.25,8.73,7.14,5.19,6.56,7.49,7.13,7.90,6.40,6.69,4.99,7.06,6.20,5.21,6.45,6.83,6.47,6.45,5.42,7.79,6.14,5.29,6.56,4.51
G06611,G06611,,Grid_B7,Plate_2,Grid_B8,PD,PD,NA,140G>A_R47H_Hardy,TREM2+,Female,NA,NA,,NA,70,NA,G06611,4.84,4.84,4.84,5.37,4.81,5.20,5.47,8.66,7.12,4.60,4.97,5.22,5.07,6.65,4.88,4.59,4.79,5.07,5.04,4.91,4.90,5.37,4.94,4.88,4.59,7.81,5.05,4.96,4.84,4.13
OA0891,OA0891,891,Grid_C7,Plate_2,Grid_C8,AD,AD,year_2,TREM2-,TREM2-,Female,20,19,7-Apr-04,27-Apr-21,83,E3E4,OA0891,5.09,4.86,4.96,6.28,6.51,5.48,5.64,8.79,7.30,5.69,5.18,6.20,5.89,7.39,4.97,5.02,4.96,5.45,5.22,5.05,5.11,5.19,5.10,5.02,4.88,7.19,5.52,5.20,4.95,4.40
PRGM0018,PRGMCI018,,Grid_D7,Plate_2,Grid_D8,MCI_to_AD,AD,visit_2,TREM2-,TREM2-,Female,24,22,12-Dec-07,29-Mar-36,71,E3E4,PRGM0018,4.48,4.55,5.09,5.99,5.70,4.99,6.11,8.86,7.07,5.10,5.03,5.62,5.20,6.91,4.68,4.53,5.14,5.31,4.80,5.02,5.28,5.36,5.58,4.74,4.99,7.22,5.28,5.11,5.41,3.97
G08589,G08589,,Grid_E7,Plate_2,Grid_E8,AD,AD,NA,140G>A_R47H_Hardy,TREM2+,Male,NA,NA,NA,NA,84,E3E3,G08589,4.41,4.53,4.84,6.42,4.80,6.46,6.67,8.36,7.35,4.59,4.92,4.95,4.91,6.62,4.76,4.30,4.80,5.03,4.77,4.90,4.85,5.01,4.77,4.69,4.50,8.23,6.18,6.28,4.80,2.37
PRGM0009,PRGMCI009,,Grid_F7,Plate_2,Grid_F8,MCI_to_AD_>_visit_2,AD,visit_2,2073G>C_Q691H,TREM2+,Female,25,21,15-Oct-07,23-Jan-22,85,E3E4,PRGM0009,4.49,4.61,4.92,6.30,4.94,4.97,5.37,8.25,6.80,4.60,4.90,6.31,4.75,6.39,4.75,4.27,4.85,4.94,4.74,4.90,4.83,4.99,4.88,4.71,4.68,7.49,5.23,5.14,4.80,4.32
G06316,G06316,,Grid_G7,Plate_2,Grid_G8,PD,PD,NA,140G>A_R47H_Hardy,TREM2+,Female,NA,NA,,NA,63,NA,G06316,5.56,5.84,5.08,6.17,5.04,5.45,5.87,8.83,7.09,5.06,5.25,6.68,6.19,6.51,5.69,5.60,5.04,5.49,5.20,5.07,5.13,5.44,5.42,5.86,4.96,7.03,5.25,4.97,5.07,2.88
KPOA0049,KPOADC049,,Grid_H7,Plate_2,Grid_H8,AD,AD,visit_2,TREM2-,TREM2-,Male,16,21,7-Jan-08,31-Aug-23,85,E3E4,KPOA0049,5.13,5.17,5.54,6.97,7.49,5.90,5.87,8.66,7.11,6.40,5.46,7.42,6.16,7.84,5.23,6.54,5.15,5.92,5.64,5.48,5.50,5.75,5.69,5.14,5.44,7.08,5.40,5.11,5.55,5.81
DCR00028,DCR00028,,Grid_A9,Plate_2,Grid_A10,AD,AD,visit_4,TREM2-,TREM2-,Male,19,7,4-Aug-11,13-Jun-20,91,TBC,DCR00028,4.66,4.74,5.13,5.10,4.98,5.01,5.85,8.66,6.60,4.74,5.08,4.95,5.07,6.32,4.87,4.78,5.06,5.22,4.69,5.16,5.05,5.23,5.03,4.90,4.82,7.68,4.94,5.48,5.03,3.80
OA1046,OA1046,1046,Grid_B9,Plate_2,Grid_B10,AD,AD,year_1,140G>A_R47H_Hardy,TREM2+,Female,NA,NA,11-Jul-03,4-Feb-22,81,E3E4,OA1046,5.27,5.54,5.06,6.99,5.63,5.49,7.29,8.81,7.63,4.74,5.14,7.00,5.79,6.66,5.16,6.14,5.47,6.47,5.21,5.34,5.27,5.58,5.70,5.80,5.14,7.80,4.71,6.76,5.66,5.40
OA0772,OA0772,772,Grid_C9,Plate_2,Grid_C10,Control,Control,year_1,TREM2-,TREM2-,Female,29,29,6-Feb-03,12-Jan-32,71,E3E3,OA0772,5.86,5.34,5.98,6.01,6.16,5.54,6.20,8.40,7.33,6.39,5.54,6.85,6.39,7.05,5.84,6.21,5.45,5.76,5.32,5.68,5.70,6.04,6.33,5.78,5.49,7.44,6.00,5.63,5.67,5.27
DA-581,DA-581,,Grid_D9,Plate_2,Grid_D10,AD,AD,NA,140G>A_R47H_Hardy,TREM2+,Female,NA,19,NA,NA,65,E3E3,DA-581,5.14,5.32,4.83,6.16,5.69,4.95,5.67,8.32,6.52,5.09,4.94,6.21,5.02,6.58,5.13,4.74,4.82,5.09,4.73,4.93,4.90,4.96,4.87,5.08,4.61,7.63,4.70,5.11,4.83,2.88
EDAR-AMS-034,EDAR-AMS-034,,Grid_E9,Plate_2,Grid_E10,MCI,MCI,NA,140G>A_R47H_Hardy,TREM2+,Female,29,29,23-Sep-09,12-Sep-41,68,E3E4,EDAR-AMS-034,6.88,6.44,7.63,7.65,8.65,7.15,7.10,8.91,7.57,7.15,6.83,7.83,8.61,7.52,7.22,7.53,6.33,8.00,6.44,6.82,6.99,8.92,8.14,6.81,6.22,7.53,6.95,8.55,6.96,6.01
OA1199,OA1199,1199,Grid_F9,Plate_2,Grid_F10,AD,AD,year_1,97C>T_Q33X_Hardy,TREM2+,Female,NA,NA,13-Feb-04,17-Jul-22,82,E3E4,OA1199,5.75,5.41,5.07,5.22,5.23,6.08,6.33,8.78,7.14,5.01,5.23,5.12,5.52,6.91,5.23,5.36,5.19,5.85,5.84,5.53,5.38,5.49,5.40,5.43,5.64,7.36,6.01,5.48,5.13,4.42
PRGA0016,PRGADC016,,Grid_G9,Plate_2,Grid_G10,AD,AD,visit_5,TREM2-,TREM2-,Female,20,28,12-Dec-07,22-Jan-28,79,E3E4,PRGA0016,6.96,6.22,5.43,6.91,5.76,6.76,6.05,8.97,6.71,4.67,8.22,5.80,5.41,6.83,5.75,5.95,5.25,5.25,6.99,5.04,4.99,5.11,5.41,6.26,5.52,7.95,4.97,5.02,4.87,4.29
G08738,G08738,,Grid_H9,Plate_2,Grid_H10,AD,AD,NA,140G>A_R47H_Hardy,TREM2+,Female,NA,7,NA,NA,60,E3E3,G08738,4.48,4.52,4.87,4.87,4.83,4.76,5.50,8.77,7.05,4.58,4.87,4.83,4.91,6.04,4.67,4.17,4.79,4.95,4.39,4.95,4.85,5.09,4.82,4.74,4.48,6.80,4.73,4.96,4.82,0.41
LND.0095,LNDMCI022,,Grid_A11,Plate_2,Grid_A12,MCI,MCI,visit_1,287C>A__T96K_Hardy,TREM2+,Female,24,24,18-Apr-07,3-May-25,82,E3E3,LND.0095,4.95,4.68,5.42,5.65,5.14,5.27,5.87,8.77,6.92,5.88,5.16,6.02,5.49,6.62,5.53,5.58,5.13,5.85,5.14,5.32,5.39,5.37,6.07,5.14,5.07,7.26,5.69,5.08,5.29,3.76
PRGA0048,PRGA0048,,Grid_B11,Plate_2,Grid_B12,AD,AD,visit_3,TREM2-,TREM2-,Female,16,21,11-Feb-08,29-Apr-32,76,E2E4,PRGA0048,4.61,4.73,4.91,5.07,4.96,4.94,5.57,8.93,6.65,4.58,4.95,4.97,5.10,5.98,4.86,4.20,5.03,4.84,4.69,5.17,4.90,5.17,4.95,4.83,4.42,7.54,5.12,4.88,4.87,4.60
N512,N512,,Grid_C11,Plate_2,Grid_C12,MCI,MCI,NA,140G>A_R47H_Hardy,TREM2+,Male,NA,10,NA,NA,81,E3E4,N512,4.65,4.72,4.82,4.92,4.82,5.02,5.46,8.75,7.35,4.60,4.92,4.78,5.16,6.38,4.82,4.85,4.86,5.04,4.94,5.03,4.83,4.93,4.87,4.75,4.60,8.27,5.86,5.19,4.80,4.81
DCR00593,DCR00593,,Grid_D11,Plate_2,Grid_D12,MCI,MCI,visit_1,287C>A__T96K_Hardy,TREM2+,Male,18,18,20-Jun-12,25-Jan-33,79,TBC,DCR00593,8.13,4.92,6.01,7.18,5.09,6.58,7.63,8.76,7.65,7.33,8.01,6.09,8.17,6.63,8.26,6.21,5.13,7.53,7.38,6.98,5.95,7.69,6.97,4.93,5.81,7.92,7.41,5.24,7.52,7.00
LND.0164,LNDCTL079,,Grid_E11,Plate_2,Grid_E12,Control,Control,visit_3,287C>A__T96K_Hardy,TREM2+,Male,29,30,27-Jul-09,19-Sep-33,76,E3E3,LND.0164,8.14,4.93,6.14,7.19,5.08,6.60,7.63,8.76,7.60,7.31,7.99,6.11,8.18,6.65,8.24,6.22,5.15,7.54,7.32,6.98,5.95,7.69,7.01,4.92,5.83,7.92,7.42,5.28,7.52,6.98
OA0244,OA0244,244,Grid_A3,Plate_3,Grid_A4,Control,Control,year_1,287C>A__T96K_Hardy,TREM2+,Female,30,30,1-Feb-02,20-Jan-31,71,E3E3,OA0244,6.27,5.60,6.78,8.09,8.27,6.01,6.22,9.14,7.31,7.43,5.93,8.34,7.82,8.05,6.69,7.05,7.21,7.00,6.05,5.62,6.03,7.43,7.39,6.10,7.33,7.52,6.17,7.97,5.98,5.74
TLSC0701,TLSCTL701,,Grid_B3,Plate_3,Grid_B4,Control,Control,visit_2,259G>A__D87N_Hardy,TREM2+,Male,30,30,10-Jan-08,25-Jun-39,69,E3E3,TLSC0701,4.62,4.67,5.02,4.92,4.85,4.86,5.52,8.74,6.69,4.73,4.90,4.89,5.12,6.32,4.82,4.70,4.90,5.03,4.64,5.08,4.94,5.00,4.93,4.82,4.68,7.19,5.46,4.98,4.89,4.01
TLSC711,TLSCTL711,,Grid_C3,Plate_3,Grid_C4,Control,Control,visit_2,TREM2-,TREM2-,Male,29,28,18-Mar-08,4-Jul-29,79,E3E3,TLSC711,4.85,5.65,5.00,4.91,4.86,5.75,5.54,8.60,6.81,4.68,4.97,4.90,5.23,5.88,5.31,5.17,4.88,5.13,5.17,5.01,6.65,6.40,4.99,5.84,6.01,7.82,5.04,5.01,4.93,3.83
OA0185,OA0185,185,Grid_D3,Plate_3,Grid_D4,Control,Control,year_1,TREM2-,TREM2-,Male,30,30,26-Jun-03,24-Aug-34,69,E3E3,OA0185,5.12,5.59,5.02,6.65,6.67,5.38,5.91,8.69,6.73,5.78,5.21,6.88,6.07,7.52,5.01,5.88,4.99,5.98,5.44,5.24,5.36,5.56,5.28,5.37,5.08,6.88,5.17,5.06,5.23,5.03
DA-573,DA-573,,Grid_E3,Plate_3,Grid_E4,AD,AD,NA,140G>A_R47H_Hardy,TREM2+,Male,NA,22,NA,NA,69,E3E4,DA-573,4.76,4.58,4.83,5.51,4.98,4.92,5.27,8.38,6.10,4.56,4.84,5.41,5.02,6.10,4.82,4.49,4.91,5.03,4.86,4.88,4.82,5.74,4.80,4.79,4.57,7.07,4.81,4.87,4.81,3.52
DCR00217,DCR00217,,Grid_F3,Plate_3,Grid_F4,Control,Control,visit_2,140G>A_R47H_Hardy,TREM2+,Male,29,29,23-Nov-11,17-Oct-41,70,TBC,DCR00217,6.88,7.25,5.46,6.55,7.28,6.63,7.19,8.83,8.01,6.70,7.34,6.64,7.48,7.95,7.07,7.39,6.85,7.32,6.08,5.03,7.27,7.75,7.53,7.08,6.82,7.94,7.07,5.15,7.29,5.66
OA0033,OA0033,33,Grid_G3,Plate_3,Grid_G4,AD,AD,year_2,140G>A_R47H_Hardy,TREM2+,Male,21,20,21-Jun-02,27-Jun-23,79,E3E3,OA0033,4.73,4.72,5.41,5.03,4.87,5.13,5.76,8.75,7.25,4.62,4.97,5.01,4.99,6.82,4.84,5.56,5.00,5.37,4.91,5.16,4.99,5.52,5.01,4.85,4.57,7.07,5.52,5.05,4.91,5.11
LND.0102,LNDMCI023,,Grid_H3,Plate_3,Grid_H4,MCI,MCI,visit_2,259G>A__D87N_Hardy,TREM2+,Female,29,26,15-May-08,18-Nov-28,80,E3E4,LND.0102,5.81,5.52,6.25,7.17,6.96,6.11,6.23,8.68,7.42,6.70,5.91,7.48,6.48,7.72,6.19,6.61,6.46,6.36,6.12,6.15,6.02,6.59,6.84,5.91,6.39,7.86,5.99,6.69,6.09,5.99
OA0274,OA0274,274,Grid_A5,Plate_3,Grid_A6,AD,AD,year_1,140G>A_R47H_Hardy,TREM2+,Male,NA,NA,12-Mar-02,2-Nov-12,90,E2E3,OA0274,4.73,4.77,5.00,5.21,5.04,5.28,5.77,8.87,7.07,4.67,5.29,5.28,5.35,6.84,4.98,5.60,5.35,5.40,5.11,5.55,5.09,5.26,5.25,5.12,5.21,6.68,5.50,5.33,5.34,5.52
OA0420,OA0420,420,Grid_B5,Plate_3,Grid_B6,Control,Control,year_1,TREM2-,TREM2-,Female,29,29,26-Jun-02,2-Oct-20,82,E3E3,OA0420,4.58,4.76,4.79,5.13,4.82,4.90,5.88,8.90,7.22,4.66,4.91,4.99,5.03,6.58,4.79,4.87,4.88,5.04,4.69,5.15,4.89,5.11,4.85,4.83,4.69,6.83,5.15,4.82,4.84,3.17
LDZA0008,LDZADC008,,Grid_C5,Plate_3,Grid_C6,AD,AD,visit_5,TREM2-,TREM2-,Female,22,10,18-Jun-08,10-Oct-48,60,E3E3,LDZA0008,4.64,4.68,5.35,5.75,5.76,4.91,5.42,8.71,6.77,5.00,5.07,5.89,5.09,6.33,4.82,4.83,4.97,5.11,4.98,5.20,5.01,5.36,4.98,4.83,4.86,6.81,5.05,5.03,4.92,4.70
PRGA0052,PRGADC052,,Grid_D5,Plate_3,Grid_D6,AD,AD,visit_2,TREM2-,TREM2-,Female,18,20,14-Jan-08,3-Nov-31,77,E3E4,PRGA0052,4.64,4.70,4.83,5.19,5.04,5.13,5.86,8.86,7.16,4.69,4.91,5.16,5.14,6.39,4.80,4.60,4.94,4.99,4.71,5.06,4.91,5.06,4.92,4.80,4.65,7.32,5.38,5.19,4.89,4.52
N484,N484,,Grid_E5,Plate_3,Grid_E6,AD,AD,NA,140G>A_R47H_Hardy,TREM2+,Female,NA,20,,NA,59,E3E4,N484,4.66,4.78,4.84,6.22,5.13,5.04,5.55,8.95,6.57,4.64,4.96,5.58,5.31,6.78,4.87,5.03,5.06,5.19,4.91,5.30,4.91,5.22,5.13,4.91,5.04,7.16,5.17,5.33,4.89,5.71
DCR00097,DCR00097,,Grid_F5,Plate_3,Grid_F6,AD,AD,visit_3,TREM2-,TREM2-,Male,21,7,7-Apr-11,11-Jan-35,76,TBC,DCR00097,4.87,4.92,5.04,5.34,5.21,5.27,5.65,8.30,7.22,5.16,5.05,5.32,5.40,6.73,5.15,5.40,5.48,5.77,5.15,5.43,5.18,5.02,5.38,5.13,5.24,6.98,5.17,5.28,5.10,5.30
OA1080,OA1080,1080,Grid_G5,Plate_3,Grid_G6,AD/vascular,AD,year_2,287C>A__T96K_Hardy,TREM2+,Female,26,24,13-Sep-04,25-Sep-29,75,E3E4,OA1080,4.64,4.68,4.83,5.30,4.86,5.05,5.63,8.86,6.79,4.72,4.93,5.20,5.06,6.59,4.80,4.56,4.85,5.04,4.82,5.11,4.89,5.08,4.91,4.83,4.68,7.29,4.89,4.92,4.91,3.47
DA-544,DA-544,,Grid_H5,Plate_3,Grid_H6,AD,AD,NA,140G>A_R47H_Hardy,TREM2+,Male,NA,22,NA,NA,72,E3E4,DA-544,4.77,4.86,4.96,5.45,5.01,5.09,5.82,8.86,7.35,5.02,5.25,5.27,5.25,6.70,5.00,4.71,5.17,5.54,4.96,5.36,5.09,5.34,5.19,4.92,5.08,7.32,5.46,5.33,5.16,4.93
LND.0145,LNDMCI044,,Grid_A7,Plate_3,Grid_A8,MCI,MCI,visit_1,TREM2-,TREM2-,Female,26,26,29-Oct-07,28-Dec-27,80,E3E3,LND.0145,5.24,5.11,5.14,5.32,5.19,5.71,6.06,8.61,7.18,4.82,5.46,5.48,5.53,7.13,5.32,5.73,5.32,5.31,5.51,5.70,5.39,5.56,5.56,5.34,5.50,7.74,5.70,6.39,5.48,5.57
PRGA0006,PRGADC006,,Grid_B7,Plate_3,Grid_B8,AD,AD,visit_3,TREM2-,TREM2-,Male,16,19,15-Apr-07,13-Mar-37,70,E4E4,PRGA0006,5.72,5.33,5.13,5.73,4.85,5.59,5.44,8.08,7.40,4.89,5.22,5.05,5.45,6.19,5.15,5.06,4.80,4.99,5.81,4.96,5.18,5.35,5.04,5.37,4.64,7.32,4.74,4.92,4.93,3.62
TLSA508,TLSADC508,,Grid_C7,Plate_3,Grid_C8,AD,AD,visit_2,TREM2-,TREM2-,Female,18,NA,14-Jun-07,22-Mar-42,65,E3E3,TLSA508,4.90,5.02,5.23,5.49,5.34,5.52,5.96,8.85,7.37,5.32,5.63,5.60,5.58,7.18,5.27,5.25,5.65,5.95,5.58,5.90,5.55,5.89,5.70,5.27,5.67,7.09,5.72,5.56,5.57,5.74
LND.0023,LNDADC012,,Grid_D7,Plate_3,Grid_D8,AD,AD,visit_2,TREM2-,TREM2-,Female,26,26,20-Mar-07,24-May-29,78,E3E4,LND.0023,5.35,5.08,5.44,7.20,7.37,5.55,5.97,8.79,7.26,6.76,5.39,7.49,6.56,7.72,5.54,5.51,5.24,5.81,5.66,5.38,5.39,5.38,5.89,5.20,5.26,7.86,5.55,5.93,5.29,5.08
DA-496,DA-496,,Grid_E7,Plate_3,Grid_E8,FTD,FTD,NA,287C>A__T96K_Hardy,TREM2+,Male,NA,24,NA,NA,58,E3E3,DA-496,4.85,4.91,6.14,5.11,5.04,5.19,5.86,8.77,7.12,5.16,5.30,5.14,5.41,6.84,5.00,4.98,5.40,5.31,5.26,5.43,5.13,5.29,5.31,5.14,5.11,7.13,6.08,5.46,5.38,4.78
N1537,N1537,,Grid_F7,Plate_3,Grid_F8,AD,AD,NA,140G>A_R47H_Hardy,TREM2+,Female,NA,16,NA,NA,70,E3E3,N1537,5.08,4.88,4.81,4.80,4.77,5.03,5.25,8.35,6.15,4.71,4.96,4.76,4.90,5.72,4.84,4.70,4.75,4.90,4.79,4.84,4.80,4.84,4.83,4.83,4.52,7.75,4.95,4.89,4.77,3.01
LDZA0017,LDZADC017,,Grid_G7,Plate_3,Grid_G8,AD,AD,visit_1,115G>A__D39N_NEW,TREM2+,Female,25,25,26-Jul-07,1-Mar-27,80,E3E3,LDZA0017,5.98,6.04,5.20,5.12,5.12,6.03,6.06,8.95,7.17,5.37,5.43,5.14,5.60,6.93,5.23,5.54,5.13,5.62,6.19,5.34,5.26,6.11,5.53,5.31,5.30,7.93,5.65,5.57,5.04,5.35
DCR00068,DCR00068,,Grid_H7,Plate_3,Grid_H8,AD,AD,visit_2,TREM2-,TREM2-,Male,19,22,12-Jan-10,15-Dec-30,80,TBC,DCR00068,7.73,7.67,7.30,7.56,7.29,7.48,7.70,8.99,7.83,7.48,7.85,7.81,7.55,8.03,7.85,7.81,7.22,7.62,7.03,7.71,7.63,7.59,7.82,7.43,6.68,8.03,7.61,7.39,7.73,7.93
EDAR-MAA-015,EDAR-MAA-015,,Grid_A9,Plate_3,Grid_A10,MCI,MCI,NA,287C>A__T96K_Hardy,TREM2+,Male,27,27,23-Sep-09,12-Sep-41,68,E3E4,EDAR-MAA-015,5.00,5.05,5.27,5.63,5.46,5.53,5.89,8.73,7.36,5.34,5.44,5.69,5.58,7.00,5.32,5.86,5.69,5.87,5.32,5.71,5.51,5.49,5.67,5.22,5.66,7.17,5.78,5.52,5.64,5.70
OA1063,OA1063,1063,Grid_B9,Plate_3,Grid_B10,AD,AD,year_1,140G>A_R47H_Hardy,TREM2+,Female,7,7,18-Jul-03,17-Apr-30,73,E3E4,OA1063,5.06,4.91,5.01,5.46,5.30,5.37,5.88,8.92,7.32,4.88,5.10,5.53,5.31,7.18,5.25,6.19,4.90,5.81,4.97,5.08,4.96,5.58,5.01,5.06,5.01,7.54,5.90,4.92,4.96,5.14
DCR00148,DCR00148,,Grid_C9,Plate_3,Grid_C10,AD,AD,visit_1,TREM2-,TREM2-,Female,NA,NA,9-Jul-09,6-Jun-43,66,TBC,DCR00148,4.95,4.85,5.20,6.99,7.13,5.25,5.72,8.67,7.08,6.37,5.33,7.08,5.74,7.58,5.14,5.63,5.33,5.61,5.44,5.33,5.34,5.65,5.49,5.09,5.14,7.32,5.56,5.26,5.27,5.03
LDZA0042,LDZADC042,,Grid_D9,Plate_3,Grid_D10,AD,AD,visit_2,TREM2-,TREM2-,Female,21,26,9-Jan-08,27-Nov-28,80,E3E4,LDZA0042,4.85,4.80,5.28,7.84,8.34,5.53,5.85,8.80,7.05,7.62,5.34,7.92,6.03,8.10,5.04,4.90,4.87,5.31,5.78,5.18,5.20,5.08,5.07,4.95,4.80,8.17,5.08,5.23,5.00,4.77
PRGA0025,PRGADC025,,Grid_E9,Plate_3,Grid_E10,AD,AD,visit_4,140G>A_R47H_Hardy,TREM2+,Female,24,19,21-Nov-07,30-Apr-30,77,E3E3,PRGA0025,4.70,4.66,5.53,5.13,5.15,5.02,5.59,7.95,6.23,4.93,5.01,5.18,5.06,6.18,4.74,4.50,5.04,4.92,4.80,4.87,4.95,4.82,4.88,4.74,4.55,5.92,5.11,5.03,4.82,4.22
OA1225,OA1225,1225,Grid_F9,Plate_3,Grid_F10,mixed/DLB,mixed/DLB,year_3,TREM2-,TREM2-,Male,23,21,19-Apr-06,24-Mar-28,78,E3E3,OA1225,6.22,6.86,5.41,6.85,5.15,7.24,6.84,8.80,6.46,5.92,6.32,6.64,6.97,7.24,6.30,6.88,5.19,6.34,5.91,5.16,6.60,7.23,6.21,6.60,5.39,8.07,6.72,5.67,6.46,4.62
DCR00558,DCR00558,,Grid_G9,Plate_3,Grid_G10,Control,Control,visit_1,287C>A__T96K_Hardy,TREM2+,Female,29,29,16-May-12,28-Jul-35,77,TBC,DCR00558,4.92,4.77,5.37,6.23,5.79,5.18,5.57,8.79,6.89,5.41,5.07,6.47,5.86,6.93,5.26,5.27,4.92,5.65,5.07,5.10,5.16,5.63,5.39,4.98,4.99,6.67,6.11,5.40,5.08,4.72
OA0828,OA0828,828,Grid_H9,Plate_3,Grid_H10,AD,AD,year_2,TREM2-,TREM2-,Female,22,23,20-Apr-04,13-Oct-22,82,E3E4,OA0828,4.71,4.62,4.90,5.06,5.00,5.16,5.64,8.21,7.53,4.85,5.10,5.10,5.21,6.65,4.84,5.07,5.17,5.16,5.00,5.29,5.00,5.37,5.18,4.97,4.79,6.68,5.70,5.17,5.02,4.96
OA0644,OA0644,644,Grid_A11,Plate_3,Grid_A12,AD,AD,year_2,TREM2-,TREM2-,Female,21,19,6-Nov-03,26-Jun-22,81,E3E4,OA0644,4.79,4.87,5.05,5.06,5.05,5.25,5.96,8.44,7.28,4.81,4.90,5.15,5.18,6.77,4.96,6.40,5.05,5.63,5.15,5.53,5.03,5.99,5.27,4.99,5.05,7.33,5.18,5.27,5.18,5.32
KPOA0011,KPOADC011,,Grid_B11,Plate_3,Grid_B12,AD,AD,visit_2,2107C>T_H703Y,TREM2+,Male,24,27,12-Feb-07,28-Sep-25,82,E3E4,KPOA0011,5.68,5.86,5.20,6.28,5.94,5.34,6.06,8.73,7.22,5.64,5.86,6.48,6.34,7.48,5.80,6.06,5.19,6.20,5.52,5.67,5.56,5.85,5.48,5.91,5.06,7.88,5.41,5.65,5.45,5.80
OA1047,OA1047,1047,Grid_C11,Plate_3,Grid_C12,Control,Control,year_1,140G>A_R47H_Hardy,TREM2+,Female,30,30,9-Jul-03,1-Sep-36,67,E3E4,OA1047,5.63,5.51,4.94,5.03,6.57,5.63,5.52,8.61,7.19,4.79,5.39,5.05,5.75,6.71,5.13,5.29,4.96,5.64,5.54,5.17,5.03,5.43,5.28,5.23,5.00,7.11,5.21,5.14,5.08,3.93
TLSC0721,TLSCTL721,,Grid_D11,Plate_3,Grid_D12,Control,Control,visit_2,292C>T__R98W_Hardy,TREM2+,Male,30,30,17-Jun-08,13-Apr-30,78,E3E3,TLSC0721,4.62,4.69,4.90,5.58,5.28,4.91,5.61,8.77,6.65,5.05,4.92,5.49,5.10,6.35,4.81,4.78,4.95,5.16,4.69,5.07,4.95,5.13,4.93,4.81,4.73,6.98,4.75,4.97,4.89,3.90
OA0814,OA0814,814,Grid_E11,Plate_3,Grid_E12,AD/other_dementia,AD,year_1,140G>A_R47H_Hardy,TREM2+,Male,22,22,25-Feb-03,26-Feb-24,79,E3E4,OA0814,5.03,4.75,5.74,5.50,5.30,5.35,6.06,8.69,7.02,5.38,5.12,5.76,5.69,7.15,5.08,5.42,5.42,5.74,5.15,5.36,5.25,6.13,5.86,5.07,5.06,7.51,5.73,5.53,5.14,4.83
