specific_TREM2+_subject_being_matched,specific_TREM2+_subject_being_matched_-_alternative_id,specific_TREM2+_subject_being_matched_-_alternative_id,Plate_location_for_assay_Duplicate_1,Plate_location_for_assay_Duplicate_2,Plate_location_for_assay_Duplicate_2,Last_known_summary_diagnosis_TREM2+,Diagnosis_at_sampling_TREM2+,Year/visit_of_sample_used,TREM2+_variant,is_TREM2-,Gender_of_TREM2+_to_match,MMSE_score_at_baseline_of_TREM2+_to_match,MMSE_score_at_sample_of_TREM2+_to_match,Date_of_TREM2+_sample_used,DOB_of_TREM2+_subject,Age_at_sampling__of_TREM2+_to_match,APOE_genotype
LND.0072,LNDADC021,,Grid_A3,Plate_1,Grid_A4,AD,AD,visit_2,TREM2-,TREM2-,Female,28,27,18-Jun-06,20-May-37,69,E4E4
EDAR-MAA-129,MAA-129,,Grid_B3,Plate_1,Grid_B4,MCI,MCI,NA,TREM2-,TREM2-,Male,26,26,23-Mar-10,19-Sep-31,79,E3E4
PRGA0042,PRGADC042,,Grid_C3,Plate_1,Grid_C4,AD,AD,visit_3,176C>T__P59L_NEW,TREM2+,Female,26,27,14-Jun-08,8-Jan-28,80,E2E4
LND.0174,LNDMCI042,,Grid_D3,Plate_1,Grid_D4,MCI_to_AD_>_visit_2,AD,visit_2,259G>A__D87N_Hardy,TREM2+,Female,27,23,22-Oct-08,19-Mar-38,70,E3E3
LND.0134,LNDMCI028,,Grid_E3,Plate_1,Grid_E4,MCI,MCI,visit_3,140G>A_R47H_Hardy,TREM2+,Male,27,26,30-Jun-09,21-Jun-36,73,E2E3
OA0650,OA0650,650,Grid_F3,Plate_1,Grid_F4,Control,Control,year_2,140G>A_R47H_Hardy,TREM2+,Male,29,NA,11-Oct-04,3-Oct-23,81,E2E3
PRGA0001,PRGADC001,,Grid_G3,Plate_1,Grid_G4,AD,AD,visit_2,259G>A__D87N_Hardy,TREM2+,Female,19,19,6-Dec-06,24-Aug-42,64,E3E3
DCR00517,DCR00517,,Grid_H3,Plate_1,Grid_H4,Control,Control,visit_1,TREM2-,TREM2-,Female,29,29,28-Feb-12,25-Dec-31,81,TBC
G08739,G08739,,Grid_A5,Plate_1,Grid_A6,Control,Control,NA,140G>A_R47H_Hardy,TREM2+,Female,NA,NA,NA,NA,67,NA
PRGA0041,PRGADC041,,Grid_B5,Plate_1,Grid_B6,AD,AD,visit_2,176C>T__P59L_NEW,TREM2+,Female,22,23,3-Oct-07,14-Jul-29,78,E2E4
OA1117,OA1117,1117,Grid_C5,Plate_1,Grid_C6,MCI,MCI,year_1,140G>A_R47H_Hardy,TREM2+,Female,25,25,7-Oct-03,23-Feb-30,73,E3E3
DCR00820,DCR00820,,Grid_D5,Plate_1,Grid_D6,Control,Control,visit_1,TREM2-,TREM2-,Male,28,28,20-Mar-13,24-Dec-36,77,TBC
LND.0042,LNDADC014,,Grid_E5,Plate_1,Grid_E6,AD,AD,visit_2,TREM2-,TREM2-,Male,22,20,25-Mar-07,21-May-28,79,E3E4
LND.0028,LNDADC008,,Grid_F5,Plate_1,Grid_F6,AD,AD,visit_3,TREM2-,TREM2-,Male,24,23,14-Jun-07,21-Nov-34,73,E3E4
KPOA0012,KPOADC012,,Grid_G5,Plate_1,Grid_G6,AD,AD,visit_4,TREM2-,TREM2-,Female,25,20,21-Sep-07,20-Apr-40,67,E3E4
OA0923,OA0923,923,Grid_H5,Plate_1,Grid_H6,AD,AD,year_1,2603_T>G_L868R,TREM2+,Male,NA,NA,7-Apr-03,31-Oct-32,71,NA
DCR00531,DCR00531,,Grid_A7,Plate_1,Grid_A8,MCI,MCI,visit_1,TREM2-,TREM2-,Male,25,25,17-May-12,23-Dec-31,81,TBC
OA0812,OA0812,812,Grid_B7,Plate_1,Grid_B8,AD,AD,year_2,287C>A__T96K_Hardy,TREM2+,Female,21,NA,9-Mar-04,1-Jan-21,83,E4E4
LND.0061,LNDADC027,,Grid_C7,Plate_1,Grid_C8,AD,AD,visit_2,TREM2-,TREM2-,Female,15,20,7-Jun-07,5-Feb-29,78,E3E4
DCR00065,DCR00065,,Grid_D7,Plate_1,Grid_D8,AD,AD,visit_1,TREM2-,TREM2-,Male,19,19,8-Dec-08,18-Jul-33,75,TBC
LND.0070,LNDCTL030,,Grid_E7,Plate_1,Grid_E8,Control,Control,visit_3,259G>A__D87N_Hardy,TREM2+,Male,29,28,24-Mar-09,21-Apr-30,79,E2E2
DCR00212,DCR00212,,Grid_F7,Plate_1,Grid_F8,Control,Control,visit_2,TREM2-,TREM2-,Male,30,30,2-Sep-10,12-May-34,76,TBC
LND.0119,LNDMCI024,,Grid_G7,Plate_1,Grid_G8,MCI,MCI,visit_2,TREM2-,TREM2-,Female,27,27,29-May-08,27-Oct-26,82,E2E3
KPOA0032,KPOADC032,,Grid_H7,Plate_1,Grid_H8,AD,AD,visit_2,TREM2-,TREM2-,Female,21,21,14-Sep-07,21-Jun-30,77,E3E4
EDAR-AMS-027,AMS-027,,Grid_A9,Plate_1,Grid_A10,MCI,MCI,NA,TREM2-,TREM2-,Female,28,28,10-Jul-09,25-Mar-44,65,E3E4
DCR00994,DCR00994,,Grid_B9,Plate_1,Grid_B10,MCI,MCI,visit_1,TREM2-,TREM2-,Male,22,22,2-Sep-13,16-Dec-33,80,TBC
LND.0096,LNDADC026,,Grid_C9,Plate_1,Grid_C10,AD,AD,visit_1,314C>T__A105V_NEW_AND_185G>A__R62H_Hardy_BENIGN,TREM2+,Female,25,25,6-Aug-07,4-Jul-29,78,E3E4
N1416,N1416,,Grid_D9,Plate_1,Grid_D10,AD,AD,NA,140G>A_R47H_Hardy,TREM2+,Female,NA,7,NA,NA,61,E3E3
LND.0093,LND.0093,,Grid_E9,Plate_1,Grid_E10,MCI_to_AD,AD,visit_3,TREM2-,TREM2-,Female,28,26,28-May-09,15-Jan-19,90,E3E4
OA0207,OA0207,207,Grid_F9,Plate_1,Grid_F10,Control,Control,year_1,TREM2-,TREM2-,Female,30,30,4-Dec-01,12-Jul-34,67,E2E3
OA0352,OA0352,352,Grid_G9,Plate_1,Grid_G10,Control,Control,year_1,63-64_CA>TG_T21T_T22A_NEW,TREM2+,Female,29,29,3-May-02,14-Oct-20,82,E3E4
DCR00481,DCR00481,,Grid_H9,Plate_1,Grid_H10,Control,Control,visit_1,TREM2-,TREM2-,Female,30,30,10-May-12,1-Apr-45,67,TBC
LND.0050,LNDADC017,,Grid_A11,Plate_1,Grid_A12,AD,AD,visit_2,140G>A_R47H_Hardy,TREM2+,Female,26,24,17-May-07,27-Sep-27,80,E2E3
LND.0046,LNDMCI007,,Grid_B11,Plate_1,Grid_B12,MCI_to_PD_to_AD,MCI,visit_3,TREM2-,TREM2-,Male,28,27,16-Feb-09,29-Jan-34,75,E2E3
OA0728,OA0728,728,Grid_C11,Plate_1,Grid_C12,NA,NA,year_1,140G>A_R47H_Hardy,TREM2+,NA,NA,NA,13-Jan-03,NA,NA,NA
OA0050,OA0050,50,Grid_D11,Plate_1,Grid_D12,mixed/DLB,mixed/DLB,year_2,TREM2-,TREM2-,Male,16,20,17-Jul-02,13-Oct-11,91,E3E4
KPOA0031,KPOADC031,,Grid_E11,Plate_1,Grid_E12,AD,AD,visit_2,TREM2-,TREM2-,Male,26,26,10-Sep-07,12-Oct-24,83,E3E3
DCR00368,DCR00368,,Grid_A3,Plate_2,Grid_A4,AD,AD,visit_2,140G>A_R47H_Hardy,TREM2+,Male,29,NA,8-Aug-11,5-Aug-33,78,TBC
OA1176,OA1176,1176,Grid_B3,Plate_2,Grid_B4,Control,Control,year_1,TREM2-,TREM2-,Male,29,29,18-Nov-03,10-Mar-23,80,E3E3
PRGA0018,PRGADC018,,Grid_C3,Plate_2,Grid_C4,AD,AD,visit_2,TREM2-,TREM2-,Female,18,16,22-Mar-07,8-Nov-36,71,E4E4
DCR00020,DCR00020,,Grid_D3,Plate_2,Grid_D4,AD,AD,visit_1,TREM2-,TREM2-,Female,7,7,23-Jun-08,26-Jul-47,61,TBC
LND.0001,LNDADC001,,Grid_E3,Plate_2,Grid_E4,AD,AD,visit_1,140G>A_R47H_Hardy,TREM2+,Male,10,10,21-Aug-06,25-Jul-18,88,E3E4
DCR00613,DCR00613,,Grid_F3,Plate_2,Grid_F4,AD,AD,visit_1,TREM2-,TREM2-,Male,22,22,27-Jun-12,28-Mar-35,77,TBC
N1146,N1146,,Grid_G3,Plate_2,Grid_G4,AD,AD,NA,140G>A_R47H_Hardy,TREM2+,Male,NA,9,NA,NA,58,E3E4
LND.0065,LNDADC019,,Grid_H3,Plate_2,Grid_H4,AD,AD,visit_1,TREM2-,TREM2-,Female,25,25,19-Mar-07,6-Dec-26,81,E3E4
OA0742,OA0742,742,Grid_A5,Plate_2,Grid_A6,mixed/DLB,mixed/DLB,year_3,TREM2-,TREM2-,Male,22,12,21-Feb-05,22-Jul-32,73,E3E3
OA0954,OA0954,954,Grid_B5,Plate_2,Grid_B6,MCI,MCI,year_2,TREM2-,TREM2-,Female,25,26,13-Jul-04,17-May-29,75,NA
LND.0013,LNDCTL009,,Grid_C5,Plate_2,Grid_C6,Control,Control,visit_2,TREM2-,TREM2-,Male,28,28,28-Nov-07,2-Mar-28,79,E2E4
G10824,G10824,,Grid_D5,Plate_2,Grid_D6,AD,AD,NA,140G>A_R47H_Hardy,TREM2+,Male,NA,4,NA,NA,73,E3E3
G08717,G08717,,Grid_E5,Plate_2,Grid_E6,PD,PD,NA,140G>A_R47H_Hardy,TREM2+,Male,NA,NA,,NA,73,NA
OA0119,OA0119,119,Grid_F5,Plate_2,Grid_F6,AD,AD,year_3,TREM2-,TREM2-,Female,21,12,26-Sep-03,17-Oct-26,77,E3E4
LND.0146,LNDMCI035,,Grid_G5,Plate_2,Grid_G6,MCI,MCI,visit_2,TREM2-,TREM2-,Male,25,26,22-Jul-08,12-Nov-33,75,E3E4
DCR00031,DCR00031,,Grid_H5,Plate_2,Grid_H6,AD,AD,visit_1,TREM2-,TREM2-,Male,27,27,3-Sep-08,6-Aug-30,78,TBC
G10143,G10143,,Grid_A7,Plate_2,Grid_A8,AD,AD,NA,140G>A_R47H_Hardy,TREM2+,Male,NA,23,NA,NA,79,E3E3
G06611,G06611,,Grid_B7,Plate_2,Grid_B8,PD,PD,NA,140G>A_R47H_Hardy,TREM2+,Female,NA,NA,,NA,70,NA
OA0891,OA0891,891,Grid_C7,Plate_2,Grid_C8,AD,AD,year_2,TREM2-,TREM2-,Female,20,19,7-Apr-04,27-Apr-21,83,E3E4
PRGM0018,PRGMCI018,,Grid_D7,Plate_2,Grid_D8,MCI_to_AD,AD,visit_2,TREM2-,TREM2-,Female,24,22,12-Dec-07,29-Mar-36,71,E3E4
G08589,G08589,,Grid_E7,Plate_2,Grid_E8,AD,AD,NA,140G>A_R47H_Hardy,TREM2+,Male,NA,NA,NA,NA,84,E3E3
PRGM0009,PRGMCI009,,Grid_F7,Plate_2,Grid_F8,MCI_to_AD_>_visit_2,AD,visit_2,2073G>C_Q691H,TREM2+,Female,25,21,15-Oct-07,23-Jan-22,85,E3E4
G06316,G06316,,Grid_G7,Plate_2,Grid_G8,PD,PD,NA,140G>A_R47H_Hardy,TREM2+,Female,NA,NA,,NA,63,NA
KPOA0049,KPOADC049,,Grid_H7,Plate_2,Grid_H8,AD,AD,visit_2,TREM2-,TREM2-,Male,16,21,7-Jan-08,31-Aug-23,85,E3E4
DCR00028,DCR00028,,Grid_A9,Plate_2,Grid_A10,AD,AD,visit_4,TREM2-,TREM2-,Male,19,7,4-Aug-11,13-Jun-20,91,TBC
OA1046,OA1046,1046,Grid_B9,Plate_2,Grid_B10,AD,AD,year_1,140G>A_R47H_Hardy,TREM2+,Female,NA,NA,11-Jul-03,4-Feb-22,81,E3E4
OA0772,OA0772,772,Grid_C9,Plate_2,Grid_C10,Control,Control,year_1,TREM2-,TREM2-,Female,29,29,6-Feb-03,12-Jan-32,71,E3E3
DA-581,DA-581,,Grid_D9,Plate_2,Grid_D10,AD,AD,NA,140G>A_R47H_Hardy,TREM2+,Female,NA,19,NA,NA,65,E3E3
EDAR-AMS-034,EDAR-AMS-034,,Grid_E9,Plate_2,Grid_E10,MCI,MCI,NA,140G>A_R47H_Hardy,TREM2+,Female,29,29,23-Sep-09,12-Sep-41,68,E3E4
OA1199,OA1199,1199,Grid_F9,Plate_2,Grid_F10,AD,AD,year_1,97C>T_Q33X_Hardy,TREM2+,Female,NA,NA,13-Feb-04,17-Jul-22,82,E3E4
PRGA0016,PRGADC016,,Grid_G9,Plate_2,Grid_G10,AD,AD,visit_5,TREM2-,TREM2-,Female,20,28,12-Dec-07,22-Jan-28,79,E3E4
G08738,G08738,,Grid_H9,Plate_2,Grid_H10,AD,AD,NA,140G>A_R47H_Hardy,TREM2+,Female,NA,7,NA,NA,60,E3E3
LND.0095,LNDMCI022,,Grid_A11,Plate_2,Grid_A12,MCI,MCI,visit_1,287C>A__T96K_Hardy,TREM2+,Female,24,24,18-Apr-07,3-May-25,82,E3E3
PRGA0048,PRGA0048,,Grid_B11,Plate_2,Grid_B12,AD,AD,visit_3,TREM2-,TREM2-,Female,16,21,11-Feb-08,29-Apr-32,76,E2E4
N512,N512,,Grid_C11,Plate_2,Grid_C12,MCI,MCI,NA,140G>A_R47H_Hardy,TREM2+,Male,NA,10,NA,NA,81,E3E4
DCR00593,DCR00593,,Grid_D11,Plate_2,Grid_D12,MCI,MCI,visit_1,287C>A__T96K_Hardy,TREM2+,Male,18,18,20-Jun-12,25-Jan-33,79,TBC
LND.0164,LNDCTL079,,Grid_E11,Plate_2,Grid_E12,Control,Control,visit_3,287C>A__T96K_Hardy,TREM2+,Male,29,30,27-Jul-09,19-Sep-33,76,E3E3
OA0244,OA0244,244,Grid_A3,Plate_3,Grid_A4,Control,Control,year_1,287C>A__T96K_Hardy,TREM2+,Female,30,30,1-Feb-02,20-Jan-31,71,E3E3
TLSC0701,TLSCTL701,,Grid_B3,Plate_3,Grid_B4,Control,Control,visit_2,259G>A__D87N_Hardy,TREM2+,Male,30,30,10-Jan-08,25-Jun-39,69,E3E3
TLSC711,TLSCTL711,,Grid_C3,Plate_3,Grid_C4,Control,Control,visit_2,TREM2-,TREM2-,Male,29,28,18-Mar-08,4-Jul-29,79,E3E3
OA0185,OA0185,185,Grid_D3,Plate_3,Grid_D4,Control,Control,year_1,TREM2-,TREM2-,Male,30,30,26-Jun-03,24-Aug-34,69,E3E3
DA-573,DA-573,,Grid_E3,Plate_3,Grid_E4,AD,AD,NA,140G>A_R47H_Hardy,TREM2+,Male,NA,22,NA,NA,69,E3E4
DCR00217,DCR00217,,Grid_F3,Plate_3,Grid_F4,Control,Control,visit_2,140G>A_R47H_Hardy,TREM2+,Male,29,29,23-Nov-11,17-Oct-41,70,TBC
OA0033,OA0033,33,Grid_G3,Plate_3,Grid_G4,AD,AD,year_2,140G>A_R47H_Hardy,TREM2+,Male,21,20,21-Jun-02,27-Jun-23,79,E3E3
LND.0102,LNDMCI023,,Grid_H3,Plate_3,Grid_H4,MCI,MCI,visit_2,259G>A__D87N_Hardy,TREM2+,Female,29,26,15-May-08,18-Nov-28,80,E3E4
OA0274,OA0274,274,Grid_A5,Plate_3,Grid_A6,AD,AD,year_1,140G>A_R47H_Hardy,TREM2+,Male,NA,NA,12-Mar-02,2-Nov-12,90,E2E3
OA0420,OA0420,420,Grid_B5,Plate_3,Grid_B6,Control,Control,year_1,TREM2-,TREM2-,Female,29,29,26-Jun-02,2-Oct-20,82,E3E3
LDZA0008,LDZADC008,,Grid_C5,Plate_3,Grid_C6,AD,AD,visit_5,TREM2-,TREM2-,Female,22,10,18-Jun-08,10-Oct-48,60,E3E3
PRGA0052,PRGADC052,,Grid_D5,Plate_3,Grid_D6,AD,AD,visit_2,TREM2-,TREM2-,Female,18,20,14-Jan-08,3-Nov-31,77,E3E4
N484,N484,,Grid_E5,Plate_3,Grid_E6,AD,AD,NA,140G>A_R47H_Hardy,TREM2+,Female,NA,20,,NA,59,E3E4
DCR00097,DCR00097,,Grid_F5,Plate_3,Grid_F6,AD,AD,visit_3,TREM2-,TREM2-,Male,21,7,7-Apr-11,11-Jan-35,76,TBC
OA1080,OA1080,1080,Grid_G5,Plate_3,Grid_G6,AD/vascular,AD,year_2,287C>A__T96K_Hardy,TREM2+,Female,26,24,13-Sep-04,25-Sep-29,75,E3E4
DA-544,DA-544,,Grid_H5,Plate_3,Grid_H6,AD,AD,NA,140G>A_R47H_Hardy,TREM2+,Male,NA,22,NA,NA,72,E3E4
LND.0145,LNDMCI044,,Grid_A7,Plate_3,Grid_A8,MCI,MCI,visit_1,TREM2-,TREM2-,Female,26,26,29-Oct-07,28-Dec-27,80,E3E3
PRGA0006,PRGADC006,,Grid_B7,Plate_3,Grid_B8,AD,AD,visit_3,TREM2-,TREM2-,Male,16,19,15-Apr-07,13-Mar-37,70,E4E4
TLSA508,TLSADC508,,Grid_C7,Plate_3,Grid_C8,AD,AD,visit_2,TREM2-,TREM2-,Female,18,NA,14-Jun-07,22-Mar-42,65,E3E3
LND.0023,LNDADC012,,Grid_D7,Plate_3,Grid_D8,AD,AD,visit_2,TREM2-,TREM2-,Female,26,26,20-Mar-07,24-May-29,78,E3E4
DA-496,DA-496,,Grid_E7,Plate_3,Grid_E8,FTD,FTD,NA,287C>A__T96K_Hardy,TREM2+,Male,NA,24,NA,NA,58,E3E3
N1537,N1537,,Grid_F7,Plate_3,Grid_F8,AD,AD,NA,140G>A_R47H_Hardy,TREM2+,Female,NA,16,NA,NA,70,E3E3
LDZA0017,LDZADC017,,Grid_G7,Plate_3,Grid_G8,AD,AD,visit_1,115G>A__D39N_NEW,TREM2+,Female,25,25,26-Jul-07,1-Mar-27,80,E3E3
DCR00068,DCR00068,,Grid_H7,Plate_3,Grid_H8,AD,AD,visit_2,TREM2-,TREM2-,Male,19,22,12-Jan-10,15-Dec-30,80,TBC
EDAR-MAA-015,EDAR-MAA-015,,Grid_A9,Plate_3,Grid_A10,MCI,MCI,NA,287C>A__T96K_Hardy,TREM2+,Male,27,27,23-Sep-09,12-Sep-41,68,E3E4
OA1063,OA1063,1063,Grid_B9,Plate_3,Grid_B10,AD,AD,year_1,140G>A_R47H_Hardy,TREM2+,Female,7,7,18-Jul-03,17-Apr-30,73,E3E4
DCR00148,DCR00148,,Grid_C9,Plate_3,Grid_C10,AD,AD,visit_1,TREM2-,TREM2-,Female,NA,NA,9-Jul-09,6-Jun-43,66,TBC
LDZA0042,LDZADC042,,Grid_D9,Plate_3,Grid_D10,AD,AD,visit_2,TREM2-,TREM2-,Female,21,26,9-Jan-08,27-Nov-28,80,E3E4
PRGA0025,PRGADC025,,Grid_E9,Plate_3,Grid_E10,AD,AD,visit_4,140G>A_R47H_Hardy,TREM2+,Female,24,19,21-Nov-07,30-Apr-30,77,E3E3
OA1225,OA1225,1225,Grid_F9,Plate_3,Grid_F10,mixed/DLB,mixed/DLB,year_3,TREM2-,TREM2-,Male,23,21,19-Apr-06,24-Mar-28,78,E3E3
DCR00558,DCR00558,,Grid_G9,Plate_3,Grid_G10,Control,Control,visit_1,287C>A__T96K_Hardy,TREM2+,Female,29,29,16-May-12,28-Jul-35,77,TBC
OA0828,OA0828,828,Grid_H9,Plate_3,Grid_H10,AD,AD,year_2,TREM2-,TREM2-,Female,22,23,20-Apr-04,13-Oct-22,82,E3E4
OA0644,OA0644,644,Grid_A11,Plate_3,Grid_A12,AD,AD,year_2,TREM2-,TREM2-,Female,21,19,6-Nov-03,26-Jun-22,81,E3E4
KPOA0011,KPOADC011,,Grid_B11,Plate_3,Grid_B12,AD,AD,visit_2,2107C>T_H703Y,TREM2+,Male,24,27,12-Feb-07,28-Sep-25,82,E3E4
OA1047,OA1047,1047,Grid_C11,Plate_3,Grid_C12,Control,Control,year_1,140G>A_R47H_Hardy,TREM2+,Female,30,30,9-Jul-03,1-Sep-36,67,E3E4
TLSC0721,TLSCTL721,,Grid_D11,Plate_3,Grid_D12,Control,Control,visit_2,292C>T__R98W_Hardy,TREM2+,Male,30,30,17-Jun-08,13-Apr-30,78,E3E3
OA0814,OA0814,814,Grid_E11,Plate_3,Grid_E12,AD/other_dementia,AD,year_1,140G>A_R47H_Hardy,TREM2+,Male,22,22,25-Feb-03,26-Feb-24,79,E3E4
